cantidad_estudiantes;codigo_asignatura;codigo_carrera;codigo_plan;cupo;nivel;nombre_asignatura
0;201;132;2017-1;40;1;Qu°mica General
0;202;132;2017-1;40;1;Qu°mica Inorg†nica
0;203;132;2017-1;40;1;Qu°mica Org†nica
0;204;132;2017-1;40;1;Termodin†mica Qu°mica
0;205;132;2017-1;40;1;CinÇtica Qu°mica
0;206;132;2017-1;40;2;Fisicoqu°mica
0;207;132;2017-1;40;2;Qu°mica Anal°tica
0;208;132;2017-1;40;2;An†lisis Instrumental
0;209;132;2017-1;40;2;Qu°mica Cu†ntica
0;210;132;2017-1;40;2;Mec†nica Cu†ntica
0;211;132;2017-1;40;2;Matem†ticas para la Ingenier°a
0;212;132;2017-1;40;3;µlgebra Lineal
0;213;132;2017-1;40;3;C†lculo Diferencial e Integral
0;214;132;2017-1;40;3;Ecuaciones Diferenciales
0;215;132;2017-1;40;3;Estad°stica y Probabilidad
0;216;132;2017-1;40;3;Termodin†mica de Procesos
0;217;132;2017-1;40;3;Fen¢menos de Transporte
0;218;132;2017-1;40;4;Operaciones Unitarias
0;219;132;2017-1;40;4;Balance de Materia y Energ°a
0;220;132;2017-1;40;4;Termodin†mica Aplicada
0;221;132;2017-1;40;4;Transferencia de Calor
0;222;132;2017-1;40;4;Transferencia de Masa
0;223;132;2017-1;40;4;Ingenier°a de Reactores Qu°micos
0;224;132;2017-1;40;5;Dise§o de Reactores
0;225;132;2017-1;40;5;Ingenier°a de Separaciones
0;226;132;2017-1;40;5;Destilaci¢n
0;227;132;2017-1;40;5;Extracci¢n L°quido-L°quido
0;228;132;2017-1;40;5;Adsorci¢n
0;229;132;2017-1;40;5;Cromatograf°a
0;230;132;2017-1;40;6;Filtraci¢n
0;231;132;2017-1;40;6;Secado
0;232;132;2017-1;40;6;CinÇtica de Procesos
0;233;132;2017-1;40;6;Ingenier°a de Control de Procesos
0;234;132;2017-1;40;6;Simulaci¢n de Procesos
0;235;132;2017-1;40;6;Dise§o de Plantas Qu°micas
0;236;132;2017-1;40;7;Ingenier°a de Seguridad en Procesos
0;237;132;2017-1;40;7;Qu°mica Ambiental
0;238;132;2017-1;40;7;Tratamiento de Aguas Residuales
0;239;132;2017-1;40;7;Gesti¢n de Residuos Qu°micos
0;240;132;2017-1;40;7;Ingenier°a de Materiales
0;241;132;2017-1;40;7;Pol°meros y Pl†sticos
0;242;132;2017-1;40;8;Metalurgia Extractiva
0;243;132;2017-1;40;8;Corrosi¢n
0;244;132;2017-1;40;8;An†lisis de Peligros y Puntos Cr°ticos de Control (HACCP)
0;245;132;2017-1;40;8;Ingenier°a FarmacÇutica
0;246;132;2017-1;40;8;Biotecnolog°a
0;247;132;2017-1;40;8;Procesos de Producci¢n de Alimentos
0;248;132;2017-1;40;9;Ingenier°a de Energ°a
0;249;132;2017-1;40;9;Energ°as Renovables
0;250;132;2017-1;40;9;Ingenier°a Nuclear
0;251;132;2017-1;40;9;Ingenier°a de Petr¢leo y Gas
0;252;132;2017-1;40;9;Ingenier°a de Procesos en la Industria Qu°mica
0;253;132;2017-1;40;10;Econom°a y Gesti¢n de Proyectos
0;254;132;2017-1;40;10;êtica Profesional en Ingenier°a Qu°mica
0;255;132;2017-1;40;10;Investigaci¢n en Ingenier°a Qu°mica
0;256;132;2017-1;40;10;Pr†ctica Industrial
0;257;132;2017-1;40;10;Seminario de Ingenier°a Qu°mica
0;258;132;2017-1;40;11;Proyecto de Tesis o Trabajo de Grado
0;301;133;2014-2;40;1;Biolog°a Celular
0;302;133;2014-2;40;1;Biolog°a Molecular
0;303;133;2014-2;40;1;Anatom°a y Fisiolog°a Humana
0;304;133;2014-2;40;1;Qu°mica General
0;305;133;2014-2;40;1;Qu°mica Org†nica
0;306;133;2014-2;40;2;Matem†ticas para la Ingenier°a
0;307;133;2014-2;40;2;C†lculo Diferencial e Integral
0;308;133;2014-2;40;2;µlgebra Lineal
0;309;133;2014-2;40;2;F°sica para la Ingenier°a
0;310;133;2014-2;40;2;Termodin†mica
0;311;133;2014-2;40;2;Mec†nica de Fluidos
0;312;133;2014-2;40;3;Circuitos ElÇctricos
0;313;133;2014-2;40;3;Electr¢nica B†sica
0;314;133;2014-2;40;3;Bioqu°mica
0;315;133;2014-2;40;3;Biomateriales
0;316;133;2014-2;40;3;Bioinstrumentaci¢n
0;317;133;2014-2;40;3;Procesamiento de Se§ales BiomÇdicas
0;318;133;2014-2;40;4;Im†genes MÇdicas
0;319;133;2014-2;40;4;Microbiolog°a
0;320;133;2014-2;40;4;GenÇtica
0;321;133;2014-2;40;4;Estad°sticas en Biomedicina
0;322;133;2014-2;40;4;An†lisis de Datos BiomÇdicos
0;323;133;2014-2;40;4;êtica en Ingenier°a BiomÇdica
0;324;133;2014-2;40;5;Biomec†nica
0;325;133;2014-2;40;5;Control de Sistemas Biol¢gicos
0;326;133;2014-2;40;5;Electromagnetismo Aplicado a la Medicina
0;327;133;2014-2;40;5;BiomÇdica ‡ptica
0;328;133;2014-2;40;5;Ingenier°a Cl°nica
0;329;133;2014-2;40;5;Dise§o de Dispositivos MÇdicos
0;330;133;2014-2;40;6;Instrumentaci¢n BiomÇdica Avanzada
0;331;133;2014-2;40;6;Modelado de Sistemas Biol¢gicos
0;332;133;2014-2;40;6;Ingenier°a Tisular
0;333;133;2014-2;40;6;Ingenier°a GenÇtica
0;334;133;2014-2;40;6;Nanotecnolog°a en Biomedicina
0;335;133;2014-2;40;6;Rob¢tica MÇdica
0;336;133;2014-2;40;7;Telemedicina
0;337;133;2014-2;40;7;Rehabilitaci¢n BiomÇdica
0;338;133;2014-2;40;7;Fisiolog°a de Sistemas
0;339;133;2014-2;40;7;Ingenier°a de Control de Sistemas MÇdicos
0;340;133;2014-2;40;7;Terapia F°sica y Rehabilitaci¢n
0;341;133;2014-2;40;7;Diagn¢stico por Imagen
0;342;133;2014-2;40;8;Ingenier°a de Radioterapia
0;343;133;2014-2;40;8;Ingenier°a BiomÇdica en Cardiolog°a
0;344;133;2014-2;40;8;Ingenier°a BiomÇdica en Neurociencia
0;345;133;2014-2;40;8;Ingenier°a BiomÇdica en Ortopedia
0;346;133;2014-2;40;8;Ingenier°a BiomÇdica en Dermatolog°a
0;347;133;2014-2;40;8;Ingenier°a BiomÇdica en Oftalmolog°a
0;348;133;2014-2;40;9;Ingenier°a BiomÇdica en Ginecolog°a y Obstetricia
0;349;133;2014-2;40;9;Ingenier°a BiomÇdica en Urolog°a
0;350;133;2014-2;40;9;Ingenier°a BiomÇdica en Cirug°a
0;351;133;2014-2;40;9;Ingenier°a BiomÇdica en Endocrinolog°a
0;352;133;2014-2;40;9;Ingenier°a BiomÇdica en Gastroenterolog°a
0;353;133;2014-2;40;10;Ingenier°a BiomÇdica en Oncolog°a
0;354;133;2014-2;40;10;Ingenier°a BiomÇdica en Medicina Deportiva
0;355;133;2014-2;40;10;Econom°a de la Salud
0;356;133;2014-2;40;10;Gesti¢n de Proyectos en Ingenier°a BiomÇdica
0;357;133;2014-2;40;10;Investigaci¢n en Ingenier°a BiomÇdica
0;358;133;2014-2;40;11;Proyecto de Tesis en Ingenier°a BiomÇdica
0;401;134;2010-3;40;1;Circuitos ElÇctricos
0;402;134;2010-3;40;1;Electromagnetismo
0;403;134;2010-3;40;1;Electr¢nica B†sica
0;404;134;2010-3;40;1;Matem†ticas para la Ingenier°a
0;405;134;2010-3;40;1;C†lculo Diferencial e Integral
0;406;134;2010-3;40;2;µlgebra Lineal
0;407;134;2010-3;40;2;F°sica para la Ingenier°a
0;408;134;2010-3;40;2;Termodin†mica
0;409;134;2010-3;40;2;M†quinas ElÇctricas
0;410;134;2010-3;40;2;Sistemas de Energ°a ElÇctrica
0;411;134;2010-3;40;2;Generaci¢n y Distribuci¢n de Energ°a
0;412;134;2010-3;40;3;Control de Sistemas ElÇctricos
0;413;134;2010-3;40;3;Electr¢nica de Potencia
0;414;134;2010-3;40;3;Microelectr¢nica
0;415;134;2010-3;40;3;Electr¢nica Digital
0;416;134;2010-3;40;3;Comunicaciones ElÇctricas
0;417;134;2010-3;40;3;Se§ales y Sistemas
0;418;134;2010-3;40;4;Electr¢nica Anal¢gica
0;419;134;2010-3;40;4;Electr¢nica de Radiofrecuencia (RF)
0;420;134;2010-3;40;4;Mec†nica Aplicada
0;421;134;2010-3;40;4;Termodin†mica Aplicada a Sistemas ElÇctricos
0;422;134;2010-3;40;4;Dispositivos Semiconductores
0;423;134;2010-3;40;4;Convertidores de Energ°a
0;424;134;2010-3;40;5;Teor°a de Control
0;425;134;2010-3;40;5;Sistemas Embebidos
0;426;134;2010-3;40;5;Automatizaci¢n Industrial
0;427;134;2010-3;40;5;Dise§o de Circuitos Impresos
0;428;134;2010-3;40;5;Instrumentaci¢n y Medici¢n
0;429;134;2010-3;40;5;Microcontroladores
0;430;134;2010-3;40;6;Electr¢nica de Alta Frecuencia
0;431;134;2010-3;40;6;Sistemas de Comunicaci¢n Inal†mbrica
0;432;134;2010-3;40;6;Electr¢nica de Potencia Avanzada
0;433;134;2010-3;40;6;Sistemas de Control Industrial
0;434;134;2010-3;40;6;Rob¢tica
0;435;134;2010-3;40;6;Dise§o de Circuitos Integrados
0;436;134;2010-3;40;7;Sistemas de Energ°a Renovable
0;437;134;2010-3;40;7;Protecci¢n de Sistemas ElÇctricos
0;438;134;2010-3;40;7;Energ°a ElÇctrica y Medio Ambiente
0;439;134;2010-3;40;7;Sistemas de Transmisi¢n de Datos
0;440;134;2010-3;40;7;Sistemas de Control Digital
0;441;134;2010-3;40;7;Sistemas de Control de Procesos
0;442;134;2010-3;40;8;Automatizaci¢n y Control de Edificios
0;443;134;2010-3;40;8;Electr¢nica Industrial
0;444;134;2010-3;40;8;Dise§o de Sistemas Electr¢nicos
0;445;134;2010-3;40;8;Electr¢nica de Potencia Industrial
0;446;134;2010-3;40;8;Gesti¢n de Proyectos de Ingenier°a ElÇctrica
0;447;134;2010-3;40;8;êtica en Ingenier°a ElÇctrica
0;448;134;2010-3;40;9;Electromagnetismo Aplicado
0;449;134;2010-3;40;9;An†lisis de Circuitos de Alta Frecuencia
0;450;134;2010-3;40;9;Sistemas de Comunicaci¢n por Fibra ‡ptica
0;451;134;2010-3;40;9;Sistemas de Energ°a Inteligente
0;452;134;2010-3;40;9;Sistemas de Energ°a Nuclear
0;453;134;2010-3;40;10;Generaci¢n Distribuida
0;454;134;2010-3;40;10;Energ°as Renovables y Sostenibilidad
0;455;134;2010-3;40;10;Dise§o de Sistemas de Transmisi¢n y Distribuci¢n
0;456;134;2010-3;40;10;Ingenier°a ElÇctrica en Telecomunicaciones
0;457;134;2010-3;40;10;Redes ElÇctricas Inteligentes
0;458;134;2010-3;40;11;Proyecto de Tesis en Ingenier°a ElÇctrica
0;501;135;2015-1;40;1;Circuitos Electr¢nicos B†sicos
0;502;135;2015-1;40;1;Electromagnetismo
0;503;135;2015-1;40;1;Matem†ticas para la Ingenier°a
0;504;135;2015-1;40;1;C†lculo Diferencial e Integral
0;505;135;2015-1;40;1;µlgebra Lineal
0;506;135;2015-1;40;2;F°sica para la Ingenier°a
0;507;135;2015-1;40;2;Electr¢nica Anal¢gica
0;508;135;2015-1;40;2;Electr¢nica Digital
0;509;135;2015-1;40;2;Circuitos Integrados
0;510;135;2015-1;40;2;Microelectr¢nica
0;511;135;2015-1;40;2;Se§ales y Sistemas
0;512;135;2015-1;40;3;Comunicaciones Electr¢nicas
0;513;135;2015-1;40;3;Teor°a de Control
0;514;135;2015-1;40;3;Electr¢nica de Potencia
0;515;135;2015-1;40;3;Instrumentaci¢n Electr¢nica
0;516;135;2015-1;40;3;Electr¢nica Industrial
0;517;135;2015-1;40;3;Procesamiento de Se§ales
0;518;135;2015-1;40;4;Dise§o de Circuitos Electr¢nicos
0;519;135;2015-1;40;4;Circuitos de Radiofrecuencia
0;520;135;2015-1;40;4;Electr¢nica Digital Avanzada
0;521;135;2015-1;40;4;Dispositivos Semiconductores
0;522;135;2015-1;40;4;Electr¢nica de Potencia Avanzada
0;523;135;2015-1;40;4;Microcontroladores
0;524;135;2015-1;40;5;Sistemas Embebidos
0;525;135;2015-1;40;5;Dise§o de Circuitos Integrados
0;526;135;2015-1;40;5;Sistemas de Comunicaci¢n Inal†mbrica
0;527;135;2015-1;40;5;Electr¢nica de Alta Frecuencia
0;528;135;2015-1;40;5;Comunicaciones por Fibra ‡ptica
0;529;135;2015-1;40;5;Rob¢tica Electr¢nica
0;530;135;2015-1;40;6;Automatizaci¢n y Control Industrial
0;531;135;2015-1;40;6;Sistemas de Control Digital
0;532;135;2015-1;40;6;Sistemas de Control de Procesos
0;533;135;2015-1;40;6;Sistemas de Control de Movimiento
0;534;135;2015-1;40;6;Electr¢nica de Audio
0;535;135;2015-1;40;6;Electr¢nica MÇdica
0;536;135;2015-1;40;7;Electr¢nica de Consumo
0;537;135;2015-1;40;7;Electr¢nica de Entretenimiento
0;538;135;2015-1;40;7;Electr¢nica de Avi¢nica
0;539;135;2015-1;40;7;Electr¢nica de Comunicaci¢n Satelital
0;540;135;2015-1;40;7;Electr¢nica para Veh°culos Aut¢nomos
0;541;135;2015-1;40;7;Electr¢nica de Redes de Sensores
0;542;135;2015-1;40;8;Dise§o de Sistemas Electr¢nicos
0;543;135;2015-1;40;8;Electr¢nica Industrial Avanzada
0;544;135;2015-1;40;8;Sistemas de Energ°a Electr¢nica
0;545;135;2015-1;40;8;Nanoelectr¢nica
0;546;135;2015-1;40;8;êtica en Ingenier°a Electr¢nica
0;547;135;2015-1;40;8;Gesti¢n de Proyectos de Ingenier°a Electr¢nica
0;548;135;2015-1;40;9;Pruebas y Diagn¢stico de Circuitos Electr¢nicos
0;549;135;2015-1;40;9;Electromagnetismo Aplicado
0;550;135;2015-1;40;9;Control de Calidad en Electr¢nica
0;551;135;2015-1;40;9;Electr¢nica de Potencia Industrial
0;552;135;2015-1;40;9;Dispositivos Optoelectr¢nicos
0;553;135;2015-1;40;10;Electr¢nica Cu†ntica
0;554;135;2015-1;40;10;Dise§o de Sistemas de Comunicaci¢n
0;555;135;2015-1;40;10;Electr¢nica de Baja Potencia
0;556;135;2015-1;40;10;Electr¢nica Flexible y Impresa
0;557;135;2015-1;40;10;Electr¢nica Sostenible y Ecoeficiente
0;558;135;2015-1;40;11;Proyecto de Tesis en Ingenier°a Electr¢nica
0;601;136;2018-2;40;1;Introducci¢n a la Ingenier°a Industrial
0;602;136;2018-2;40;1;Estad°sticas y Probabilidad
0;603;136;2018-2;40;1;C†lculo Diferencial e Integral
0;604;136;2018-2;40;1;µlgebra Lineal
0;605;136;2018-2;40;1;F°sica para Ingenieros
0;606;136;2018-2;40;2;Qu°mica General
0;607;136;2018-2;40;2;Termodin†mica
0;608;136;2018-2;40;2;Econom°a para Ingenier°a
0;609;136;2018-2;40;2;MÇtodos Cuantitativos para la Toma de Decisiones
0;610;136;2018-2;40;2;Investigaci¢n de Operaciones
0;611;136;2018-2;40;2;Sistemas de Producci¢n
0;612;136;2018-2;40;3;Dise§o y Mejora de Procesos
0;613;136;2018-2;40;3;Control de Calidad
0;614;136;2018-2;40;3;Gesti¢n de la Calidad Total
0;615;136;2018-2;40;3;Ingenier°a de MÇtodos
0;616;136;2018-2;40;3;Ergonom°a y Dise§o de Estaciones de Trabajo
0;617;136;2018-2;40;3;Gesti¢n de la Cadena de Suministro
0;618;136;2018-2;40;4;Log°stica y Distribuci¢n
0;619;136;2018-2;40;4;Simulaci¢n de Procesos
0;620;136;2018-2;40;4;Planificaci¢n y Programaci¢n de la Producci¢n
0;621;136;2018-2;40;4;An†lisis de Riesgos
0;622;136;2018-2;40;4;Estudio de Tiempos y Movimientos
0;623;136;2018-2;40;4;Lean Manufacturing
0;624;136;2018-2;40;5;Six Sigma
0;625;136;2018-2;40;5;Mantenimiento Industrial
0;626;136;2018-2;40;5;Gesti¢n de Proyectos
0;627;136;2018-2;40;5;Gesti¢n de Inventarios
0;628;136;2018-2;40;5;An†lisis Financiero
0;629;136;2018-2;40;5;Ingenier°a de Costos
0;630;136;2018-2;40;6;Dise§o de Experimentos
0;631;136;2018-2;40;6;Modelado y Simulaci¢n de Sistemas
0;632;136;2018-2;40;6;Ingenier°a de Calidad
0;633;136;2018-2;40;6;Ingenier°a de Fiabilidad
0;634;136;2018-2;40;6;Automatizaci¢n Industrial
0;635;136;2018-2;40;6;Control Autom†tico
0;636;136;2018-2;40;7;Gesti¢n de la Innovaci¢n
0;637;136;2018-2;40;7;Gesti¢n de la Tecnolog°a
0;638;136;2018-2;40;7;Ingenier°a Ambiental
0;639;136;2018-2;40;7;Ingenier°a de Seguridad Industrial
0;640;136;2018-2;40;7;Gesti¢n de Recursos Humanos
0;641;136;2018-2;40;7;êtica y Responsabilidad Social en Ingenier°a Industrial
0;642;136;2018-2;40;8;Legislaci¢n Laboral y Ambiental
0;643;136;2018-2;40;8;Ingenier°a Econ¢mica
0;644;136;2018-2;40;8;Gesti¢n de Procesos de Negocios (BPM)
0;645;136;2018-2;40;8;Optimizaci¢n de la Cadena de Suministro
0;646;136;2018-2;40;8;An†lisis de Decisiones
0;647;136;2018-2;40;8;Sistemas de Informaci¢n Empresarial
0;648;136;2018-2;40;9;Dise§o de Almacenes y Centros de Distribuci¢n
0;649;136;2018-2;40;9;Procesamiento de Datos en Tiempo Real
0;650;136;2018-2;40;9;Gesti¢n de la Innovaci¢n Tecnol¢gica
0;651;136;2018-2;40;9;Gesti¢n de la Calidad en Servicios
0;652;136;2018-2;40;9;Ingenier°a Industrial en el Sector de la Salud
0;653;136;2018-2;40;10;Ingenier°a Industrial en el Sector de la Energ°a
0;654;136;2018-2;40;10;Ingenier°a Industrial en el Sector de la Manufactura
0;655;136;2018-2;40;10;Ingenier°a Industrial en el Sector de Servicios
0;656;136;2018-2;40;10;Ingenier°a Industrial en el Sector de la Log°stica
0;657;136;2018-2;40;10;Gesti¢n de la Producci¢n
0;658;136;2018-2;40;11;Proyecto de Tesis en Ingenier°a Industrial
0;701;137;2013-4;40;1;Introducci¢n a la Programaci¢n
0;702;137;2013-4;40;1;Estructuras de Datos
0;703;137;2013-4;40;1;Algoritmos y Complejidad
0;704;137;2013-4;40;1;Matem†ticas Discretas
0;705;137;2013-4;40;1;Fundamentos de Ingenier°a de Software
0;706;137;2013-4;40;2;Programaci¢n Orientada a Objetos
0;707;137;2013-4;40;2;Dise§o de Software
0;708;137;2013-4;40;2;Ingenier°a de Requisitos
0;709;137;2013-4;40;2;Gesti¢n de Proyectos de Software
0;710;137;2013-4;40;2;Calidad de Software
0;711;137;2013-4;40;2;Pruebas de Software
0;712;137;2013-4;40;3;Arquitectura de Software
0;713;137;2013-4;40;3;Desarrollo µgil de Software
0;714;137;2013-4;40;3;Desarrollo de Aplicaciones Web
0;715;137;2013-4;40;3;Desarrollo de Aplicaciones M¢viles
0;716;137;2013-4;40;3;Dise§o de Interfaces de Usuario
0;717;137;2013-4;40;3;Ingenier°a de Software Empresarial
0;718;137;2013-4;40;4;Sistemas Distribuidos
0;719;137;2013-4;40;4;Computaci¢n en la Nube
0;720;137;2013-4;40;4;Big Data
0;721;137;2013-4;40;4;Miner°a de Datos
0;722;137;2013-4;40;4;Inteligencia Artificial
0;723;137;2013-4;40;4;Aprendizaje Autom†tico
0;724;137;2013-4;40;5;Procesamiento de Lenguaje Natural
0;725;137;2013-4;40;5;Rob¢tica de Software
0;726;137;2013-4;40;5;Desarrollo de Videojuegos
0;727;137;2013-4;40;5;Seguridad de Software
0;728;137;2013-4;40;5;Criptograf°a
0;729;137;2013-4;40;5;êtica en la Ingenier°a de Software
0;730;137;2013-4;40;6;Ingenier°a de Software Orientada a Servicios (SOA)
0;731;137;2013-4;40;6;DevOps y Continuous Integration/Continuous Deployment (CI/CD)
0;732;137;2013-4;40;6;Gesti¢n de Configuraci¢n de Software
0;733;137;2013-4;40;6;Modelado y Simulaci¢n
0;734;137;2013-4;40;6;An†lisis de Rendimiento de Software
0;735;137;2013-4;40;6;Desarrollo de Software para Dispositivos Embebidos
0;736;137;2013-4;40;7;Sistemas de Tiempo Real
0;737;137;2013-4;40;7;Ingenier°a de Software Basada en Componentes
0;738;137;2013-4;40;7;Metodolog°as de Desarrollo de Software
0;739;137;2013-4;40;7;Ingenier°a de Software Experimental
0;740;137;2013-4;40;7;Automatizaci¢n de Pruebas
0;741;137;2013-4;40;7;Ingenier°a de Software para Sistemas Cr°ticos
0;742;137;2013-4;40;8;Desarrollo de Software Multiplataforma
0;743;137;2013-4;40;8;Control de Versiones y Git
0;744;137;2013-4;40;8;Administraci¢n de Proyectos de TI
0;745;137;2013-4;40;8;TÇcnicas de Documentaci¢n de Software
0;746;137;2013-4;40;8;Ingenier°a de Software para Aplicaciones Empresariales
0;747;137;2013-4;40;8;An†lisis y Dise§o de Bases de Datos
0;748;137;2013-4;40;9;Desarrollo de Aplicaciones de Realidad Virtual y Aumentada
0;749;137;2013-4;40;9;Desarrollo de Aplicaciones de Internet de las Cosas (IoT)
0;750;137;2013-4;40;9;Dise§o de Sistemas de Informaci¢n
0;751;137;2013-4;40;9;Interacci¢n Humano-Computadora
0;752;137;2013-4;40;9;Desarrollo de Aplicaciones Basadas en Blockchain
0;753;137;2013-4;40;10;Pr†cticas de Desarrollo Seguro (DevSecOps)
0;754;137;2013-4;40;10;Gobernanza de TI
0;755;137;2013-4;40;10;êtica y Responsabilidad Profesional en Ingenier°a de Software
0;756;137;2013-4;40;10;Desarrollo de Software para Dispositivos M¢viles Avanzados (Wearable Tech)
0;757;137;2013-4;40;10;Proyecto de Ingenier°a de Software
0;758;137;2013-4;40;11;Trabajo de Titulacion
0;801;138;2015-6;40;1;Introducci¢n a la Ingenier°a Mec†nica
0;802;138;2015-6;40;1;Matem†ticas para la Ingenier°a
0;803;138;2015-6;40;1;C†lculo Diferencial e Integral
0;804;138;2015-6;40;1;µlgebra Lineal
0;805;138;2015-6;40;1;F°sica para Ingenieros
0;806;138;2015-6;40;2;Mec†nica Cl†sica
0;807;138;2015-6;40;2;Termodin†mica
0;808;138;2015-6;40;2;Mec†nica de Fluidos
0;809;138;2015-6;40;2;Transferencia de Calor
0;810;138;2015-6;40;2;Mec†nica de Materiales
0;811;138;2015-6;40;2;An†lisis de Vibraciones
0;812;138;2015-6;40;3;Elementos de M†quinas
0;813;138;2015-6;40;3;Ingenier°a de Control
0;814;138;2015-6;40;3;Dise§o de M†quinas
0;815;138;2015-6;40;3;Din†mica de Sistemas Mec†nicos
0;816;138;2015-6;40;3;Dise§o Mec†nico Asistido por Computadora (CAD)
0;817;138;2015-6;40;3;Fabricaci¢n y Procesos de Producci¢n
0;818;138;2015-6;40;4;Soldadura y Uniones Mec†nicas
0;819;138;2015-6;40;4;Ingenier°a de Mantenimiento
0;820;138;2015-6;40;4;Metrolog°a y Control de Calidad
0;821;138;2015-6;40;4;Tribolog°a
0;822;138;2015-6;40;4;Ingenier°a de Plantas
0;823;138;2015-6;40;4;M†quinas TÇrmicas
0;824;138;2015-6;40;5;Ingenier°a de Energ°a
0;825;138;2015-6;40;5;Elementos Finitos
0;826;138;2015-6;40;5;Ingenier°a de Refrigeraci¢n y Aire Acondicionado
0;827;138;2015-6;40;5;Dise§o Asistido por Computadora (CAE)
0;828;138;2015-6;40;5;Automatizaci¢n Industrial
0;829;138;2015-6;40;5;Rob¢tica Industrial
0;830;138;2015-6;40;6;Ingenier°a de Control de Procesos
0;831;138;2015-6;40;6;M†quinas Herramienta
0;832;138;2015-6;40;6;Sistemas de Transmisi¢n Mec†nica
0;833;138;2015-6;40;6;Mecatr¢nica
0;834;138;2015-6;40;6;Ingenier°a de Proyectos
0;835;138;2015-6;40;6;Toma de Decisiones en Ingenier°a Mec†nica
0;836;138;2015-6;40;7;Ingenier°a Ambiental y Sostenibilidad
0;837;138;2015-6;40;7;Ingenier°a de Sistemas TÇrmicos
0;838;138;2015-6;40;7;Ingenier°a de Sistemas de Fluidos
0;839;138;2015-6;40;7;Ingenier°a de Sistemas Estructurales
0;840;138;2015-6;40;7;Ingenier°a de Sistemas Mec†nicos y Electromec†nicos
0;841;138;2015-6;40;7;Dise§o de Experimentos en Ingenier°a Mec†nica
0;842;138;2015-6;40;8;Ingenier°a de Soldadura
0;843;138;2015-6;40;8;Dise§o de Elementos de M†quinas Avanzado
0;844;138;2015-6;40;8;Ingenier°a de Procesos de Fabricaci¢n
0;845;138;2015-6;40;8;An†lisis de Fallas y Fractura
0;846;138;2015-6;40;8;Ingenier°a de Control de Calidad
0;847;138;2015-6;40;8;Gesti¢n de Proyectos de Ingenier°a Mec†nica
0;848;138;2015-6;40;9;êtica en Ingenier°a Mec†nica
0;849;138;2015-6;40;9;Ingenier°a de Sistemas de Automoci¢n
0;850;138;2015-6;40;9;Ingenier°a de Sistemas Aeroespaciales
0;851;138;2015-6;40;9;Ingenier°a de Sistemas Mar°timos
0;852;138;2015-6;40;9;Ingenier°a de Sistemas Ferroviarios
0;853;138;2015-6;40;10;Ingenier°a de Sistemas de Energ°a Renovable
0;854;138;2015-6;40;10;Ingenier°a de Sistemas de Transporte P£blico
0;855;138;2015-6;40;10;Ingenier°a de Sistemas de Manufactura
0;856;138;2015-6;40;10;Ingenier°a de Sistemas de Biomec†nica
0;857;138;2015-6;40;10;Ingenier°a de Sistemas de Energ°a Nuclear
0;858;138;2015-6;40;11;Proyecto de Tesis en Ingenier°a Mec†nica
0;901;139;2019-3;40;1;Introducci¢n a la Ingenier°a Metal£rgica
0;902;139;2019-3;40;1;Qu°mica General
0;903;139;2019-3;40;1;Termodin†mica Qu°mica
0;904;139;2019-3;40;1;CinÇtica Qu°mica
0;905;139;2019-3;40;1;Matem†ticas para la Ingenier°a
0;906;139;2019-3;40;2;C†lculo Diferencial e Integral
0;907;139;2019-3;40;2;µlgebra Lineal
0;908;139;2019-3;40;2;F°sica para la Ingenier°a
0;909;139;2019-3;40;2;Mec†nica de Fluidos
0;910;139;2019-3;40;2;Resistencia de Materiales
0;911;139;2019-3;40;2;Mec†nica de Materiales
0;912;139;2019-3;40;3;Procesos de Transformaci¢n de Metales
0;913;139;2019-3;40;3;Fundamentos de Metalurgia
0;914;139;2019-3;40;3;Metalurgia Extractiva
0;915;139;2019-3;40;3;Metalurgia F°sica
0;916;139;2019-3;40;3;Metalurgia Qu°mica
0;917;139;2019-3;40;3;Fundici¢n
0;918;139;2019-3;40;4;Refinaci¢n de Metales
0;919;139;2019-3;40;4;Tratamientos TÇrmicos
0;920;139;2019-3;40;4;Conformado de Materiales Met†licos
0;921;139;2019-3;40;4;Soldadura y Uni¢n de Metales
0;922;139;2019-3;40;4;Ensayos No Destructivos
0;923;139;2019-3;40;4;Metalograf°a
0;924;139;2019-3;40;5;Procesamiento de Minerales
0;925;139;2019-3;40;5;Hidrometalurgia
0;926;139;2019-3;40;5;Pirometalurgia
0;927;139;2019-3;40;5;Electroqu°mica y Electrometalurgia
0;928;139;2019-3;40;5;Metalurgia de Polvos
0;929;139;2019-3;40;5;Materiales Compuestos
0;930;139;2019-3;40;6;Materiales para Alta Temperatura
0;931;139;2019-3;40;6;Materiales MagnÇticos
0;932;139;2019-3;40;6;Materiales Cer†micos
0;933;139;2019-3;40;6;Materiales PolimÇricos
0;934;139;2019-3;40;6;Tecnolog°a de Materiales Avanzados
0;935;139;2019-3;40;6;Dise§o de Experimentos en Metalurgia
0;936;139;2019-3;40;7;Procesos de Reciclaje de Metales
0;937;139;2019-3;40;7;Modelado y Simulaci¢n en Metalurgia
0;938;139;2019-3;40;7;Automatizaci¢n en Procesos Metal£rgicos
0;939;139;2019-3;40;7;Control de Procesos en Metalurgia
0;940;139;2019-3;40;7;Gesti¢n Ambiental en Metalurgia
0;941;139;2019-3;40;7;Gesti¢n de la Calidad en la Industria Metal£rgica
0;942;139;2019-3;40;8;Normativas y Regulaciones en Metalurgia
0;943;139;2019-3;40;8;êtica en Ingenier°a Metal£rgica
0;944;139;2019-3;40;8;Econom°a y Gesti¢n de Proyectos en Metalurgia
0;945;139;2019-3;40;8;Investigaci¢n en Ingenier°a Metal£rgica
0;946;139;2019-3;40;8;Pruebas de Caracterizaci¢n de Materiales
0;947;139;2019-3;40;8;Ingenier°a de Soldadura Avanzada
0;948;139;2019-3;40;9;Metalurgia en la Industria Automotriz
0;949;139;2019-3;40;9;Metalurgia en la Industria Aeroespacial
0;950;139;2019-3;40;9;Metalurgia en la Industria EnergÇtica
0;951;139;2019-3;40;9;Metalurgia en la Industria de la Construcci¢n
0;952;139;2019-3;40;9;Metalurgia en la Industria Qu°mica
0;953;139;2019-3;40;10;Metalurgia en la Industria Electr¢nica
0;954;139;2019-3;40;10;Metalurgia en la Industria MÇdica
0;955;139;2019-3;40;10;Metalurgia en la Industria de la Alimentaci¢n
0;956;139;2019-3;40;10;Metalurgia en la Industria del Petr¢leo y Gas
0;957;139;2019-3;40;10;Metalurgia en la Industria Minera
0;958;139;2019-3;40;11;Proyecto de Tesis en Ingenier°a Metal£rgica
0;1001;140;2011-5;40;1;Introducci¢n a la Ingenier°a de Minas
0;1002;140;2011-5;40;1;Geolog°a General
0;1003;140;2011-5;40;1;Geolog°a Aplicada a la Miner°a
0;1004;140;2011-5;40;1;Topograf°a y Cartograf°a
0;1005;140;2011-5;40;1;Matem†ticas para Ingenier°a
0;1006;140;2011-5;40;2;C†lculo Diferencial e Integral
0;1007;140;2011-5;40;2;µlgebra Lineal
0;1008;140;2011-5;40;2;F°sica para Ingenieros
0;1009;140;2011-5;40;2;Qu°mica General
0;1010;140;2011-5;40;2;Termodin†mica
0;1011;140;2011-5;40;2;Mec†nica de Rocas
0;1012;140;2011-5;40;3;Geomec†nica de Minas
0;1013;140;2011-5;40;3;Geof°sica Aplicada
0;1014;140;2011-5;40;3;Mineralog°a
0;1015;140;2011-5;40;3;Petrolog°a
0;1016;140;2011-5;40;3;Procesos Geol¢gicos
0;1017;140;2011-5;40;3;Procesos de Exploraci¢n Minera
0;1018;140;2011-5;40;4;Perforaci¢n y Voladura
0;1019;140;2011-5;40;4;Muestreo y Preparaci¢n de Muestras
0;1020;140;2011-5;40;4;MÇtodos de Explotaci¢n de Minas
0;1021;140;2011-5;40;4;Planificaci¢n Minera
0;1022;140;2011-5;40;4;Ventilaci¢n y Control de Ambientes Subterr†neos
0;1023;140;2011-5;40;4;Hidrogeolog°a
0;1024;140;2011-5;40;5;Gesti¢n de Aguas en Miner°a
0;1025;140;2011-5;40;5;Gesti¢n de Residuos Mineros
0;1026;140;2011-5;40;5;Ingenier°a de Sistemas de Transporte de Minerales
0;1027;140;2011-5;40;5;Procesamiento de Minerales
0;1028;140;2011-5;40;5;Concentraci¢n de Minerales
0;1029;140;2011-5;40;5;Metalurgia Extractiva
0;1030;140;2011-5;40;6;Control de Calidad en Miner°a
0;1031;140;2011-5;40;6;Evaluaci¢n de Recursos y Reservas Minerales
0;1032;140;2011-5;40;6;Sistemas de Informaci¢n Geogr†fica (SIG) en Miner°a
0;1033;140;2011-5;40;6;Toma de Decisiones en Miner°a
0;1034;140;2011-5;40;6;Seguridad en Miner°a
0;1035;140;2011-5;40;6;Normativas y Regulaciones Mineras
0;1036;140;2011-5;40;7;Ingenier°a de Planificaci¢n Minera
0;1037;140;2011-5;40;7;Geotecnia en Miner°a
0;1038;140;2011-5;40;7;Instrumentaci¢n y Automatizaci¢n en Miner°a
0;1039;140;2011-5;40;7;Sistemas de Transporte Vertical en Minas
0;1040;140;2011-5;40;7;Ingenier°a de Socavones y T£neles
0;1041;140;2011-5;40;7;Planificaci¢n y Dise§o de Minas a Cielo Abierto
0;1042;140;2011-5;40;8;Miner°a Subterr†nea
0;1043;140;2011-5;40;8;Simulaci¢n de Procesos Mineros
0;1044;140;2011-5;40;8;Evaluaci¢n Econ¢mica de Proyectos Mineros
0;1045;140;2011-5;40;8;Geolog°a de Yacimientos Minerales
0;1046;140;2011-5;40;8;Planificaci¢n de Cierre de Minas
0;1047;140;2011-5;40;8;êtica en Ingenier°a de Minas
0;1048;140;2011-5;40;9;Gesti¢n de Proyectos Mineros
0;1049;140;2011-5;40;9;Investigaci¢n en Ingenier°a de Minas
0;1050;140;2011-5;40;9;Gesti¢n Ambiental en Miner°a
0;1051;140;2011-5;40;9;Mec†nica de Suelos y Rocas en Miner°a
0;1052;140;2011-5;40;9;Miner°a Sostenible y Responsable
0;1053;140;2011-5;40;10;Miner°a en la Industria EnergÇtica
0;1054;140;2011-5;40;10;Miner°a en la Industria de la Construcci¢n
0;1055;140;2011-5;40;10;Miner°a en la Industria Qu°mica
0;1056;140;2011-5;40;10;Miner°a en la Industria Metal£rgica
0;1057;140;2011-5;40;10;Miner°a en la Industria de la Energ°a Renovable
0;1058;140;2011-5;40;11;Proyecto de Tesis en Ingenier°a de Minas
0;1101;141;2014-2;40;1;Introducci¢n a la Ingenier°a Forestal
0;1102;141;2014-2;40;1;Biolog°a Forestal
0;1103;141;2014-2;40;1;Bot†nica Forestal
0;1104;141;2014-2;40;1;Ecolog°a Forestal
0;1105;141;2014-2;40;1;Silvicultura General
0;1106;141;2014-2;40;2;Silvicultura de Especies Nativas
0;1107;141;2014-2;40;2;Silvicultura de Especies Ex¢ticas
0;1108;141;2014-2;40;2;Dendrolog°a
0;1109;141;2014-2;40;2;Topograf°a y Cartograf°a Forestal
0;1110;141;2014-2;40;2;Manejo de Bosques Naturales
0;1111;141;2014-2;40;2;Planificaci¢n Forestal
0;1112;141;2014-2;40;3;GenÇtica Forestal
0;1113;141;2014-2;40;3;Suelos Forestales
0;1114;141;2014-2;40;3;Hidrolog°a Forestal
0;1115;141;2014-2;40;3;Manejo de Vida Silvestre
0;1116;141;2014-2;40;3;Agroforester°a
0;1117;141;2014-2;40;3;Tecnolog°a de la Madera
0;1118;141;2014-2;40;4;Industria Forestal
0;1119;141;2014-2;40;4;Econom°a Forestal
0;1120;141;2014-2;40;4;Manejo de Incendios Forestales
0;1121;141;2014-2;40;4;Restauraci¢n Ecol¢gica de Bosques
0;1122;141;2014-2;40;4;Conservaci¢n de Bosques y Biodiversidad
0;1123;141;2014-2;40;4;Sistemas de Informaci¢n Geogr†fica (SIG) en Ingenier°a Forestal
0;1124;141;2014-2;40;5;Tala Racional y Legal de Bosques
0;1125;141;2014-2;40;5;Evaluaci¢n de Impacto Ambiental en Ingenier°a Forestal
0;1126;141;2014-2;40;5;Ordenaci¢n de Montes
0;1127;141;2014-2;40;5;Manejo de Cuencas Hidrogr†ficas
0;1128;141;2014-2;40;5;Manejo de µreas Protegidas
0;1129;141;2014-2;40;5;Planificaci¢n y Dise§o de Plantaciones Forestales
0;1130;141;2014-2;40;6;TÇcnicas de Reforestaci¢n
0;1131;141;2014-2;40;6;Silvicultura Urbana
0;1132;141;2014-2;40;6;Manejo de Bosques Comunitarios
0;1133;141;2014-2;40;6;Manejo de Bosques Tropicales
0;1134;141;2014-2;40;6;Manejo de Bosques de Monta§a
0;1135;141;2014-2;40;6;Manejo de Bosques Costeros
0;1136;141;2014-2;40;7;Manejo de Bosques de Tierras Bajas
0;1137;141;2014-2;40;7;Planificaci¢n y Evaluaci¢n de Proyectos Forestales
0;1138;141;2014-2;40;7;Legislaci¢n Forestal y Ambiental
0;1139;141;2014-2;40;7;êtica en Ingenier°a Forestal
0;1140;141;2014-2;40;7;Econom°a y Gesti¢n de Proyectos en Ingenier°a Forestal
0;1141;141;2014-2;40;7;Manejo de Maderas Tropicales
0;1142;141;2014-2;40;8;Manejo de Maderas Blandas
0;1143;141;2014-2;40;8;Manejo de Maderas Duras
0;1144;141;2014-2;40;8;TÇcnicas de Aserr°o
0;1145;141;2014-2;40;8;Transformaci¢n de la Madera
0;1146;141;2014-2;40;8;Comercializaci¢n de Productos Forestales
0;1147;141;2014-2;40;8;Gesti¢n de Viveros Forestales
0;1148;141;2014-2;40;9;Manejo Integrado de Plagas y Enfermedades Forestales
0;1149;141;2014-2;40;9;Producci¢n de Semillas y Plantas Forestales
0;1150;141;2014-2;40;9;Manejo de Fauna Silvestre en Bosques
0;1151;141;2014-2;40;9;Investigaci¢n en Ingenier°a Forestal
0;1152;141;2014-2;40;9;Educaci¢n Ambiental y Comunitaria en Bosques
0;1153;141;2014-2;40;10;Manejo de Bosques en Zonas µridas
0;1154;141;2014-2;40;10;Manejo de Bosques en Zonas Sub†rticas
0;1155;141;2014-2;40;10;Manejo de Bosques en Zonas Subant†rticas
0;1156;141;2014-2;40;10;Manejo de Bosques en Zonas Templadas
0;1157;141;2014-2;40;10;Manejo de Bosques en Zonas Tropicales H£medas
0;1158;141;2014-2;40;11;Proyecto de Tesis en Ingenier°a Forestal
0;1201;142;2017-3;40;1;Introducci¢n a la Ingenier°a Civil
0;1202;142;2017-3;40;1;Matem†ticas para la Ingenier°a
0;1203;142;2017-3;40;1;C†lculo Diferencial e Integral
0;1204;142;2017-3;40;1;µlgebra Lineal
0;1205;142;2017-3;40;1;F°sica para Ingenieros
0;1206;142;2017-3;40;2;Qu°mica General
0;1207;142;2017-3;40;2;Mec†nica Cl†sica
0;1208;142;2017-3;40;2;Mec†nica de Fluidos
0;1209;142;2017-3;40;2;Resistencia de Materiales
0;1210;142;2017-3;40;2;Geolog°a Aplicada a la Ingenier°a
0;1211;142;2017-3;40;2;Topograf°a y Cartograf°a
0;1212;142;2017-3;40;3;Mec†nica de Suelos
0;1213;142;2017-3;40;3;Fundamentos de Estructuras
0;1214;142;2017-3;40;3;Dise§o de Estructuras
0;1215;142;2017-3;40;3;Ingenier°a de Tr†fico
0;1216;142;2017-3;40;3;Ingenier°a Hidr†ulica
0;1217;142;2017-3;40;3;Ingenier°a de Transporte
0;1218;142;2017-3;40;4;Sistemas de Transporte Urbano
0;1219;142;2017-3;40;4;Planificaci¢n Urbana
0;1220;142;2017-3;40;4;Construcci¢n de Obras Civiles
0;1221;142;2017-3;40;4;Econom°a de la Construcci¢n
0;1222;142;2017-3;40;4;Gesti¢n de Proyectos de Ingenier°a Civil
0;1223;142;2017-3;40;4;êtica en Ingenier°a Civil
0;1224;142;2017-3;40;5;Normativas y Regulaciones en Ingenier°a Civil
0;1225;142;2017-3;40;5;Tecnolog°a del Hormig¢n
0;1226;142;2017-3;40;5;Ingenier°a de Pavimentos
0;1227;142;2017-3;40;5;Ingenier°a GeotÇcnica
0;1228;142;2017-3;40;5;Ingenier°a de Puentes
0;1229;142;2017-3;40;5;Ingenier°a de T£neles
0;1230;142;2017-3;40;6;Ingenier°a S°smica
0;1231;142;2017-3;40;6;Hidrolog°a e Hidr†ulica
0;1232;142;2017-3;40;6;Dise§o de Obras Hidr†ulicas
0;1233;142;2017-3;40;6;Ingenier°a de R°os y Cuencas
0;1234;142;2017-3;40;6;Ingenier°a de Costas
0;1235;142;2017-3;40;6;Geotecnia Avanzada
0;1236;142;2017-3;40;7;Estructuras de Acero
0;1237;142;2017-3;40;7;Estructuras de Concreto
0;1238;142;2017-3;40;7;Estructuras de Madera
0;1239;142;2017-3;40;7;Estructuras Met†licas
0;1240;142;2017-3;40;7;Estructuras Prefabricadas
0;1241;142;2017-3;40;7;Sistemas de Informaci¢n Geogr†fica (SIG) en Ingenier°a Civil
0;1242;142;2017-3;40;8;Modelado y Simulaci¢n en Ingenier°a Civil
0;1243;142;2017-3;40;8;Mec†nica de Suelos Avanzada
0;1244;142;2017-3;40;8;Pavimentos de Carreteras
0;1245;142;2017-3;40;8;Ingenier°a de Tr†fico Avanzada
0;1246;142;2017-3;40;8;Ingenier°a de Ferrocarriles
0;1247;142;2017-3;40;8;Ingenier°a de Aeropuertos
0;1248;142;2017-3;40;9;Ingenier°a Portuaria
0;1249;142;2017-3;40;9;Gesti¢n de Recursos H°dricos
0;1250;142;2017-3;40;9;Ingenier°a de Construcci¢n Sostenible
0;1251;142;2017-3;40;9;Ingenier°a de Estructuras de Concreto Armado
0;1252;142;2017-3;40;9;Ingenier°a de Estructuras de Acero Avanzada
0;1253;142;2017-3;40;10;Ingenier°a de T£neles y Excavaciones Subterr†neas
0;1254;142;2017-3;40;10;Proyecto de Tesis en Ingenier°a Civil
0;1255;142;2017-3;40;10;Ingenier°a de Transporte de Carga
0;1256;142;2017-3;40;10;Ingenier°a de Transporte P£blico
0;1257;142;2017-3;40;10;Ingenier°a de Redes de Agua y Alcantarillado
0;1258;142;2017-3;40;11;Proyecto de Tesis en Ingenier°a Obras Civiles
